-- MySQL dump 10.13  Distrib 8.0.41, for Linux (x86_64)
--
-- Host: localhost    Database: bookstore_database
-- ------------------------------------------------------
-- Server version	8.0.41-0ubuntu0.24.04.1

/*!40101 SET @OLD_CHARACTER_SET_CLIENT=@@CHARACTER_SET_CLIENT */;
/*!40101 SET @OLD_CHARACTER_SET_RESULTS=@@CHARACTER_SET_RESULTS */;
/*!40101 SET @OLD_COLLATION_CONNECTION=@@COLLATION_CONNECTION */;
/*!50503 SET NAMES utf8mb4 */;
/*!40103 SET @OLD_TIME_ZONE=@@TIME_ZONE */;
/*!40103 SET TIME_ZONE='+00:00' */;
/*!40014 SET @OLD_UNIQUE_CHECKS=@@UNIQUE_CHECKS, UNIQUE_CHECKS=0 */;
/*!40014 SET @OLD_FOREIGN_KEY_CHECKS=@@FOREIGN_KEY_CHECKS, FOREIGN_KEY_CHECKS=0 */;
/*!40101 SET @OLD_SQL_MODE=@@SQL_MODE, SQL_MODE='NO_AUTO_VALUE_ON_ZERO' */;
/*!40111 SET @OLD_SQL_NOTES=@@SQL_NOTES, SQL_NOTES=0 */;

--
-- Table structure for table `address`
--

DROP TABLE IF EXISTS `address`;
/*!40101 SET @saved_cs_client     = @@character_set_client */;
/*!50503 SET character_set_client = utf8mb4 */;
CREATE TABLE `address` (
  `address_id` int NOT NULL AUTO_INCREMENT,
  `street` varchar(255) NOT NULL,
  `city` varchar(100) DEFAULT NULL,
  `state` varchar(100) DEFAULT NULL,
  `postal_code` varchar(20) DEFAULT NULL,
  `country_id` int DEFAULT NULL,
  PRIMARY KEY (`address_id`),
  KEY `country_id` (`country_id`),
  CONSTRAINT `address_ibfk_1` FOREIGN KEY (`country_id`) REFERENCES `country` (`country_id`)
) ENGINE=InnoDB AUTO_INCREMENT=6 DEFAULT CHARSET=utf8mb4 COLLATE=utf8mb4_0900_ai_ci;
/*!40101 SET character_set_client = @saved_cs_client */;

--
-- Dumping data for table `address`
--

LOCK TABLES `address` WRITE;
/*!40000 ALTER TABLE `address` DISABLE KEYS */;
INSERT INTO `address` VALUES (1,'Moi Avenue','Nairobi','Nairobi County','00100',1),(2,'Kenyatta Street','Mombasa','Mombasa County','80100',1),(3,'Oginga Odinga Road','Kisumu','Kisumu County','40100',1),(4,'Kenyatta Avenue','Nakuru','Nakuru County','20100',1),(5,'Eldoret Highway','Eldoret','Uasin Gishu County','30100',1);
/*!40000 ALTER TABLE `address` ENABLE KEYS */;
UNLOCK TABLES;

--
-- Table structure for table `address_status`
--

DROP TABLE IF EXISTS `address_status`;
/*!40101 SET @saved_cs_client     = @@character_set_client */;
/*!50503 SET character_set_client = utf8mb4 */;
CREATE TABLE `address_status` (
  `status_id` int NOT NULL AUTO_INCREMENT,
  `status_name` varchar(50) NOT NULL,
  PRIMARY KEY (`status_id`)
) ENGINE=InnoDB AUTO_INCREMENT=4 DEFAULT CHARSET=utf8mb4 COLLATE=utf8mb4_0900_ai_ci;
/*!40101 SET character_set_client = @saved_cs_client */;

--
-- Dumping data for table `address_status`
--

LOCK TABLES `address_status` WRITE;
/*!40000 ALTER TABLE `address_status` DISABLE KEYS */;
INSERT INTO `address_status` VALUES (1,'Active'),(2,'Inactive'),(3,'Previous');
/*!40000 ALTER TABLE `address_status` ENABLE KEYS */;
UNLOCK TABLES;

--
-- Table structure for table `author`
--

DROP TABLE IF EXISTS `author`;
/*!40101 SET @saved_cs_client     = @@character_set_client */;
/*!50503 SET character_set_client = utf8mb4 */;
CREATE TABLE `author` (
  `author_id` int NOT NULL AUTO_INCREMENT,
  `first_name` varchar(100) NOT NULL,
  `last_name` varchar(100) NOT NULL,
  PRIMARY KEY (`author_id`)
) ENGINE=InnoDB AUTO_INCREMENT=6 DEFAULT CHARSET=utf8mb4 COLLATE=utf8mb4_0900_ai_ci;
/*!40101 SET character_set_client = @saved_cs_client */;

--
-- Dumping data for table `author`
--

LOCK TABLES `author` WRITE;
/*!40000 ALTER TABLE `author` DISABLE KEYS */;
INSERT INTO `author` VALUES (1,'Ngũgĩ','wa Thiong\'o'),(2,'Grace','Ogot'),(3,'Meja','Mwangi'),(4,'Binyavanga','Wainaina'),(5,'Yvonne','Adhiambo Owuor');
/*!40000 ALTER TABLE `author` ENABLE KEYS */;
UNLOCK TABLES;

--
-- Table structure for table `book`
--

DROP TABLE IF EXISTS `book`;
/*!40101 SET @saved_cs_client     = @@character_set_client */;
/*!50503 SET character_set_client = utf8mb4 */;
CREATE TABLE `book` (
  `book_id` int NOT NULL AUTO_INCREMENT,
  `title` varchar(255) NOT NULL,
  `isbn` varchar(20) DEFAULT NULL,
  `publication_year` year DEFAULT NULL,
  `price` decimal(10,2) DEFAULT NULL,
  `language_id` int DEFAULT NULL,
  `publisher_id` int DEFAULT NULL,
  PRIMARY KEY (`book_id`),
  KEY `language_id` (`language_id`),
  KEY `publisher_id` (`publisher_id`),
  CONSTRAINT `book_ibfk_1` FOREIGN KEY (`language_id`) REFERENCES `book_language` (`language_id`),
  CONSTRAINT `book_ibfk_2` FOREIGN KEY (`publisher_id`) REFERENCES `publisher` (`publisher_id`)
) ENGINE=InnoDB AUTO_INCREMENT=6 DEFAULT CHARSET=utf8mb4 COLLATE=utf8mb4_0900_ai_ci;
/*!40101 SET character_set_client = @saved_cs_client */;

--
-- Dumping data for table `book`
--

LOCK TABLES `book` WRITE;
/*!40000 ALTER TABLE `book` DISABLE KEYS */;
INSERT INTO `book` VALUES (1,'Petals of Blood','978-0143039174',1977,1200.00,2,2),(2,'The River Between','978-0435905484',1965,950.00,2,2),(3,'Weep Not, Child','978-0143107361',1964,899.99,2,1),(4,'Dust','978-0143107545',2013,1500.00,2,3),(5,'One Day I Will Write About This Place','978-1555975913',2011,1350.00,2,4);
/*!40000 ALTER TABLE `book` ENABLE KEYS */;
UNLOCK TABLES;

--
-- Table structure for table `book_author`
--

DROP TABLE IF EXISTS `book_author`;
/*!40101 SET @saved_cs_client     = @@character_set_client */;
/*!50503 SET character_set_client = utf8mb4 */;
CREATE TABLE `book_author` (
  `book_id` int NOT NULL,
  `author_id` int NOT NULL,
  PRIMARY KEY (`book_id`,`author_id`),
  KEY `author_id` (`author_id`),
  CONSTRAINT `book_author_ibfk_1` FOREIGN KEY (`book_id`) REFERENCES `book` (`book_id`),
  CONSTRAINT `book_author_ibfk_2` FOREIGN KEY (`author_id`) REFERENCES `author` (`author_id`)
) ENGINE=InnoDB DEFAULT CHARSET=utf8mb4 COLLATE=utf8mb4_0900_ai_ci;
/*!40101 SET character_set_client = @saved_cs_client */;

--
-- Dumping data for table `book_author`
--

LOCK TABLES `book_author` WRITE;
/*!40000 ALTER TABLE `book_author` DISABLE KEYS */;
INSERT INTO `book_author` VALUES (1,1),(2,1),(3,1),(5,4),(4,5);
/*!40000 ALTER TABLE `book_author` ENABLE KEYS */;
UNLOCK TABLES;

--
-- Table structure for table `book_language`
--

DROP TABLE IF EXISTS `book_language`;
/*!40101 SET @saved_cs_client     = @@character_set_client */;
/*!50503 SET character_set_client = utf8mb4 */;
CREATE TABLE `book_language` (
  `language_id` int NOT NULL AUTO_INCREMENT,
  `language_name` varchar(50) NOT NULL,
  PRIMARY KEY (`language_id`)
) ENGINE=InnoDB AUTO_INCREMENT=6 DEFAULT CHARSET=utf8mb4 COLLATE=utf8mb4_0900_ai_ci;
/*!40101 SET character_set_client = @saved_cs_client */;

--
-- Dumping data for table `book_language`
--

LOCK TABLES `book_language` WRITE;
/*!40000 ALTER TABLE `book_language` DISABLE KEYS */;
INSERT INTO `book_language` VALUES (1,'Swahili'),(2,'English'),(3,'Kikuyu'),(4,'Luo'),(5,'Kamba');
/*!40000 ALTER TABLE `book_language` ENABLE KEYS */;
UNLOCK TABLES;

--
-- Table structure for table `country`
--

DROP TABLE IF EXISTS `country`;
/*!40101 SET @saved_cs_client     = @@character_set_client */;
/*!50503 SET character_set_client = utf8mb4 */;
CREATE TABLE `country` (
  `country_id` int NOT NULL AUTO_INCREMENT,
  `name` varchar(100) NOT NULL,
  PRIMARY KEY (`country_id`)
) ENGINE=InnoDB AUTO_INCREMENT=3 DEFAULT CHARSET=utf8mb4 COLLATE=utf8mb4_0900_ai_ci;
/*!40101 SET character_set_client = @saved_cs_client */;

--
-- Dumping data for table `country`
--

LOCK TABLES `country` WRITE;
/*!40000 ALTER TABLE `country` DISABLE KEYS */;
INSERT INTO `country` VALUES (1,'Kenya'),(2,'Kenya');
/*!40000 ALTER TABLE `country` ENABLE KEYS */;
UNLOCK TABLES;

--
-- Table structure for table `cust_order`
--

DROP TABLE IF EXISTS `cust_order`;
/*!40101 SET @saved_cs_client     = @@character_set_client */;
/*!50503 SET character_set_client = utf8mb4 */;
CREATE TABLE `cust_order` (
  `order_id` int NOT NULL AUTO_INCREMENT,
  `customer_id` int DEFAULT NULL,
  `order_date` datetime DEFAULT CURRENT_TIMESTAMP,
  `shipping_method_id` int DEFAULT NULL,
  PRIMARY KEY (`order_id`),
  KEY `customer_id` (`customer_id`),
  KEY `shipping_method_id` (`shipping_method_id`),
  CONSTRAINT `cust_order_ibfk_1` FOREIGN KEY (`customer_id`) REFERENCES `customer` (`customer_id`),
  CONSTRAINT `cust_order_ibfk_2` FOREIGN KEY (`shipping_method_id`) REFERENCES `shipping_method` (`shipping_method_id`)
) ENGINE=InnoDB AUTO_INCREMENT=6 DEFAULT CHARSET=utf8mb4 COLLATE=utf8mb4_0900_ai_ci;
/*!40101 SET character_set_client = @saved_cs_client */;

--
-- Dumping data for table `cust_order`
--

LOCK TABLES `cust_order` WRITE;
/*!40000 ALTER TABLE `cust_order` DISABLE KEYS */;
INSERT INTO `cust_order` VALUES (1,1,'2025-04-13 15:39:01',2),(2,2,'2025-04-13 15:39:01',1),(3,3,'2025-04-13 15:39:01',3),(4,4,'2025-04-13 15:39:01',5),(5,5,'2025-04-13 15:39:01',4);
/*!40000 ALTER TABLE `cust_order` ENABLE KEYS */;
UNLOCK TABLES;

--
-- Table structure for table `customer`
--

DROP TABLE IF EXISTS `customer`;
/*!40101 SET @saved_cs_client     = @@character_set_client */;
/*!50503 SET character_set_client = utf8mb4 */;
CREATE TABLE `customer` (
  `customer_id` int NOT NULL AUTO_INCREMENT,
  `first_name` varchar(100) NOT NULL,
  `last_name` varchar(100) NOT NULL,
  `email` varchar(100) DEFAULT NULL,
  PRIMARY KEY (`customer_id`)
) ENGINE=InnoDB AUTO_INCREMENT=6 DEFAULT CHARSET=utf8mb4 COLLATE=utf8mb4_0900_ai_ci;
/*!40101 SET character_set_client = @saved_cs_client */;

--
-- Dumping data for table `customer`
--

LOCK TABLES `customer` WRITE;
/*!40000 ALTER TABLE `customer` DISABLE KEYS */;
INSERT INTO `customer` VALUES (1,'Wanjiru','Kamau','wanjiru.kamau@gmail.com'),(2,'Kipchoge','Keino','kipkeino@yahoo.com'),(3,'Amina','Mohamed','amina.m@example.co.ke'),(4,'Benson','Omondi','bensonomondi@hotmail.com'),(5,'Grace','Atieno','gatieno@outlook.com');
/*!40000 ALTER TABLE `customer` ENABLE KEYS */;
UNLOCK TABLES;

--
-- Table structure for table `customer_address`
--

DROP TABLE IF EXISTS `customer_address`;
/*!40101 SET @saved_cs_client     = @@character_set_client */;
/*!50503 SET character_set_client = utf8mb4 */;
CREATE TABLE `customer_address` (
  `customer_id` int NOT NULL,
  `address_id` int NOT NULL,
  `status_id` int DEFAULT NULL,
  PRIMARY KEY (`customer_id`,`address_id`),
  KEY `address_id` (`address_id`),
  KEY `status_id` (`status_id`),
  CONSTRAINT `customer_address_ibfk_1` FOREIGN KEY (`customer_id`) REFERENCES `customer` (`customer_id`),
  CONSTRAINT `customer_address_ibfk_2` FOREIGN KEY (`address_id`) REFERENCES `address` (`address_id`),
  CONSTRAINT `customer_address_ibfk_3` FOREIGN KEY (`status_id`) REFERENCES `address_status` (`status_id`)
) ENGINE=InnoDB DEFAULT CHARSET=utf8mb4 COLLATE=utf8mb4_0900_ai_ci;
/*!40101 SET character_set_client = @saved_cs_client */;

--
-- Dumping data for table `customer_address`
--

LOCK TABLES `customer_address` WRITE;
/*!40000 ALTER TABLE `customer_address` DISABLE KEYS */;
INSERT INTO `customer_address` VALUES (1,1,1),(2,2,1),(3,3,1),(4,4,1),(5,5,1);
/*!40000 ALTER TABLE `customer_address` ENABLE KEYS */;
UNLOCK TABLES;

--
-- Table structure for table `order_history`
--

DROP TABLE IF EXISTS `order_history`;
/*!40101 SET @saved_cs_client     = @@character_set_client */;
/*!50503 SET character_set_client = utf8mb4 */;
CREATE TABLE `order_history` (
  `history_id` int NOT NULL AUTO_INCREMENT,
  `order_id` int DEFAULT NULL,
  `status_id` int DEFAULT NULL,
  `status_date` datetime DEFAULT CURRENT_TIMESTAMP,
  PRIMARY KEY (`history_id`),
  KEY `order_id` (`order_id`),
  KEY `status_id` (`status_id`),
  CONSTRAINT `order_history_ibfk_1` FOREIGN KEY (`order_id`) REFERENCES `cust_order` (`order_id`),
  CONSTRAINT `order_history_ibfk_2` FOREIGN KEY (`status_id`) REFERENCES `order_status` (`status_id`)
) ENGINE=InnoDB AUTO_INCREMENT=9 DEFAULT CHARSET=utf8mb4 COLLATE=utf8mb4_0900_ai_ci;
/*!40101 SET character_set_client = @saved_cs_client */;

--
-- Dumping data for table `order_history`
--

LOCK TABLES `order_history` WRITE;
/*!40000 ALTER TABLE `order_history` DISABLE KEYS */;
INSERT INTO `order_history` VALUES (1,1,1,'2025-04-13 15:39:41'),(2,1,2,'2025-04-13 15:39:41'),(3,1,3,'2025-04-13 15:39:41'),(4,1,4,'2025-04-13 15:39:41'),(5,2,1,'2025-04-13 15:39:41'),(6,3,1,'2025-04-13 15:39:41'),(7,4,1,'2025-04-13 15:39:41'),(8,5,1,'2025-04-13 15:39:41');
/*!40000 ALTER TABLE `order_history` ENABLE KEYS */;
UNLOCK TABLES;

--
-- Table structure for table `order_line`
--

DROP TABLE IF EXISTS `order_line`;
/*!40101 SET @saved_cs_client     = @@character_set_client */;
/*!50503 SET character_set_client = utf8mb4 */;
CREATE TABLE `order_line` (
  `order_line_id` int NOT NULL AUTO_INCREMENT,
  `order_id` int DEFAULT NULL,
  `book_id` int DEFAULT NULL,
  `quantity` int NOT NULL,
  `price_each` decimal(10,2) NOT NULL,
  PRIMARY KEY (`order_line_id`),
  KEY `order_id` (`order_id`),
  KEY `book_id` (`book_id`),
  CONSTRAINT `order_line_ibfk_1` FOREIGN KEY (`order_id`) REFERENCES `cust_order` (`order_id`),
  CONSTRAINT `order_line_ibfk_2` FOREIGN KEY (`book_id`) REFERENCES `book` (`book_id`)
) ENGINE=InnoDB AUTO_INCREMENT=6 DEFAULT CHARSET=utf8mb4 COLLATE=utf8mb4_0900_ai_ci;
/*!40101 SET character_set_client = @saved_cs_client */;

--
-- Dumping data for table `order_line`
--

LOCK TABLES `order_line` WRITE;
/*!40000 ALTER TABLE `order_line` DISABLE KEYS */;
INSERT INTO `order_line` VALUES (1,1,1,2,1200.00),(2,1,3,1,899.99),(3,2,2,1,950.00),(4,3,4,3,1500.00),(5,4,5,1,1350.00);
/*!40000 ALTER TABLE `order_line` ENABLE KEYS */;
UNLOCK TABLES;

--
-- Table structure for table `order_status`
--

DROP TABLE IF EXISTS `order_status`;
/*!40101 SET @saved_cs_client     = @@character_set_client */;
/*!50503 SET character_set_client = utf8mb4 */;
CREATE TABLE `order_status` (
  `status_id` int NOT NULL AUTO_INCREMENT,
  `status_name` varchar(50) NOT NULL,
  PRIMARY KEY (`status_id`)
) ENGINE=InnoDB AUTO_INCREMENT=6 DEFAULT CHARSET=utf8mb4 COLLATE=utf8mb4_0900_ai_ci;
/*!40101 SET character_set_client = @saved_cs_client */;

--
-- Dumping data for table `order_status`
--

LOCK TABLES `order_status` WRITE;
/*!40000 ALTER TABLE `order_status` DISABLE KEYS */;
INSERT INTO `order_status` VALUES (1,'Pending'),(2,'Processing'),(3,'Shipped'),(4,'Delivered'),(5,'Cancelled');
/*!40000 ALTER TABLE `order_status` ENABLE KEYS */;
UNLOCK TABLES;

--
-- Table structure for table `publisher`
--

DROP TABLE IF EXISTS `publisher`;
/*!40101 SET @saved_cs_client     = @@character_set_client */;
/*!50503 SET character_set_client = utf8mb4 */;
CREATE TABLE `publisher` (
  `publisher_id` int NOT NULL AUTO_INCREMENT,
  `name` varchar(100) NOT NULL,
  PRIMARY KEY (`publisher_id`)
) ENGINE=InnoDB AUTO_INCREMENT=6 DEFAULT CHARSET=utf8mb4 COLLATE=utf8mb4_0900_ai_ci;
/*!40101 SET character_set_client = @saved_cs_client */;

--
-- Dumping data for table `publisher`
--

LOCK TABLES `publisher` WRITE;
/*!40000 ALTER TABLE `publisher` DISABLE KEYS */;
INSERT INTO `publisher` VALUES (1,'Longhorn Kenya'),(2,'East African Educational Publishers'),(3,'Kwani Trust'),(4,'Text Book Centre'),(5,'Jomo Kenyatta Foundation');
/*!40000 ALTER TABLE `publisher` ENABLE KEYS */;
UNLOCK TABLES;

--
-- Table structure for table `shipping_method`
--

DROP TABLE IF EXISTS `shipping_method`;
/*!40101 SET @saved_cs_client     = @@character_set_client */;
/*!50503 SET character_set_client = utf8mb4 */;
CREATE TABLE `shipping_method` (
  `shipping_method_id` int NOT NULL AUTO_INCREMENT,
  `method_name` varchar(100) NOT NULL,
  PRIMARY KEY (`shipping_method_id`)
) ENGINE=InnoDB AUTO_INCREMENT=6 DEFAULT CHARSET=utf8mb4 COLLATE=utf8mb4_0900_ai_ci;
/*!40101 SET character_set_client = @saved_cs_client */;

--
-- Dumping data for table `shipping_method`
--

LOCK TABLES `shipping_method` WRITE;
/*!40000 ALTER TABLE `shipping_method` DISABLE KEYS */;
INSERT INTO `shipping_method` VALUES (1,'Posta Kenya'),(2,'Sendy Courier'),(3,'Aramex'),(4,'In-store Pickup'),(5,'Bike Delivery');
/*!40000 ALTER TABLE `shipping_method` ENABLE KEYS */;
UNLOCK TABLES;
/*!40103 SET TIME_ZONE=@OLD_TIME_ZONE */;

/*!40101 SET SQL_MODE=@OLD_SQL_MODE */;
/*!40014 SET FOREIGN_KEY_CHECKS=@OLD_FOREIGN_KEY_CHECKS */;
/*!40014 SET UNIQUE_CHECKS=@OLD_UNIQUE_CHECKS */;
/*!40101 SET CHARACTER_SET_CLIENT=@OLD_CHARACTER_SET_CLIENT */;
/*!40101 SET CHARACTER_SET_RESULTS=@OLD_CHARACTER_SET_RESULTS */;
/*!40101 SET COLLATION_CONNECTION=@OLD_COLLATION_CONNECTION */;
/*!40111 SET SQL_NOTES=@OLD_SQL_NOTES */;

-- Dump completed on 2025-04-13 16:51:23
